source,group,feature,icc_2_1,n_subjects,n_trials,trial_ids_used,ms_subject,ms_trial,ms_error
embedding_biomarker,all,distance_healthy_plus_neuro_minus_ortho,0.8231383282338951,2,24,"1.0,2.0,3.0,4.0,5.0,6.0,7.0,8.0,9.0,10.0,14.0,13.0,12.0,11.0,15.0,16.0,17.0,18.0,19.0,20.0,21.0,22.0,23.0,24.0",8.515869658864457,0.1058981084705877,0.0457610474763769
embedding_biomarker,healthy,distance_healthy_plus_neuro_minus_ortho,0.3131799500609121,2,10,"1.0,2.0,3.0,4.0,5.0,6.0,7.0,8.0,9.0,10.0",0.5938761855335227,0.09515873216325216,0.11491754830939677
embedding_biomarker,neuro,distance_healthy_plus_neuro_minus_ortho,-0.05076198570800315,2,20,"1.0,2.0,3.0,4.0,5.0,6.0,7.0,8.0,9.0,10.0,13.0,14.0,11.0,12.0,15.0,16.0,17.0,18.0,19.0,20.0",0.017902729682733313,0.09040620745803497,0.11912810752401953
embedding_biomarker,ortho,distance_healthy_plus_neuro_minus_ortho,0.1444843686872371,2,9,"1.0,2.0,3.0,4.0,5.0,6.0,7.0,8.0,9.0",0.10371615190180059,0.036507608743299315,0.0431656291805893
HE_FreeAcc_Magnitude,all,HE_FreeAcc_Magnitude_avg_stride_time,0.896697214725761,2,24,"1,2,3,4,5,6,7,8,9,10,14,13,12,11,15,16,17,18,19,20,21,22,23,24",0.15652494523812488,0.0006595898673935868,0.00083508009515689
HE_FreeAcc_Magnitude,all,HE_FreeAcc_Magnitude_max_stride_time,0.3133017819565334,2,24,"1,2,3,4,5,6,7,8,9,10,14,13,12,11,15,16,17,18,19,20,21,22,23,24",3.2447999999999997,0.27215181159420293,0.2710130434782609
HE_FreeAcc_Magnitude,all,HE_FreeAcc_Magnitude_std_stride_time,0.4134344095619881,2,24,"1,2,3,4,5,6,7,8,9,10,14,13,12,11,15,16,17,18,19,20,21,22,23,24",0.09750066785301756,0.00538500878334511,0.005493074688706563
HE_FreeAcc_Magnitude,all,HE_FreeAcc_Magnitude_u_turn_time,0.3422259791490562,2,24,"1,2,3,4,5,6,7,8,9,10,14,13,12,11,15,16,17,18,19,20,21,22,23,24",1.3500520833333338,0.10499338768115947,0.0958868659420289
HE_FreeAcc_Magnitude,all,HE_FreeAcc_Magnitude_gait_cadence,0.8093182259722581,2,24,"1,2,3,4,5,6,7,8,9,10,14,13,12,11,15,16,17,18,19,20,21,22,23,24",0.43426514302211483,0.003922620746797965,0.004515088524048138
HE_FreeAcc_Magnitude,all,HE_FreeAcc_Magnitude_avg_acceleration_peak,0.43640477853656273,2,24,"1,2,3,4,5,6,7,8,9,10,14,13,12,11,15,16,17,18,19,20,21,22,23,24",25.171003475111675,1.6199646021157321,0.9831532443557166
HE_FreeAcc_Magnitude,all,HE_FreeAcc_Magnitude_max_acceleration_peak,0.010256603592471093,2,24,"1,2,3,4,5,6,7,8,9,10,14,13,12,11,15,16,17,18,19,20,21,22,23,24",4.070830685241768,6.180277866060415,2.9370483225136197
HE_FreeAcc_Magnitude,all,HE_FreeAcc_Magnitude_std_acceleration_peak,0.021848377722899083,2,24,"1,2,3,4,5,6,7,8,9,10,14,13,12,11,15,16,17,18,19,20,21,22,23,24",0.19305320912006274,0.20156961219096003,0.10963811657095027
HE_FreeAcc_Magnitude,all,HE_FreeAcc_Magnitude_avg_jerk,0.20049908327437996,2,24,"1,2,3,4,5,6,7,8,9,10,14,13,12,11,15,16,17,18,19,20,21,22,23,24",114.86276515418906,13.87461554520465,18.234564824288885
HE_FreeAcc_Magnitude,all,HE_FreeAcc_Magnitude_max_jerk,-0.05325627523498799,2,24,"1,2,3,4,5,6,7,8,9,10,14,13,12,11,15,16,17,18,19,20,21,22,23,24",67.64883469788283,654.8170053051382,1182.403268694822
HE_FreeAcc_Magnitude,all,HE_FreeAcc_Magnitude_std_jerk,0.06815315457526605,2,24,"1,2,3,4,5,6,7,8,9,10,14,13,12,11,15,16,17,18,19,20,21,22,23,24",104.48420192336103,28.743303416221615,42.21098369118076
HE_FreeAcc_Magnitude,healthy,HE_FreeAcc_Magnitude_avg_stride_time,0.9304282968770216,2,10,"1,2,3,4,5,6,7,8,9,10",0.13839812342315364,0.00046760841096789237,0.0015784975436839916
HE_FreeAcc_Magnitude,healthy,HE_FreeAcc_Magnitude_max_stride_time,0.5568115714173415,2,10,"1,2,3,4,5,6,7,8,9,10",2.7751250000000005,0.18987166666666663,0.2173027777777778
HE_FreeAcc_Magnitude,healthy,HE_FreeAcc_Magnitude_std_stride_time,0.437093676537258,2,10,"1,2,3,4,5,6,7,8,9,10",0.0409867115227687,0.0036197585379777694,0.0055162824859655325
HE_FreeAcc_Magnitude,healthy,HE_FreeAcc_Magnitude_u_turn_time,0.528050997023418,2,10,"1,2,3,4,5,6,7,8,9,10",1.8666050000000012,0.10253833333333336,0.19607166666666645
HE_FreeAcc_Magnitude,healthy,HE_FreeAcc_Magnitude_gait_cadence,0.938556833215753,2,10,"1,2,3,4,5,6,7,8,9,10",0.3642996636863728,0.0010440379573730578,0.003677628135138478
HE_FreeAcc_Magnitude,healthy,HE_FreeAcc_Magnitude_avg_acceleration_peak,0.7078649664120941,2,10,"1,2,3,4,5,6,7,8,9,10",19.956987688532998,0.7561290504913466,0.8231715989860591
HE_FreeAcc_Magnitude,healthy,HE_FreeAcc_Magnitude_max_acceleration_peak,0.8707609667230902,2,10,"1,2,3,4,5,6,7,8,9,10",76.6234087499521,0.954146384577147,1.2822912964404112
HE_FreeAcc_Magnitude,healthy,HE_FreeAcc_Magnitude_std_acceleration_peak,0.828993588779848,2,10,"1,2,3,4,5,6,7,8,9,10",2.4875149809484753,0.0435426335334839,0.05674227171174792
HE_FreeAcc_Magnitude,healthy,HE_FreeAcc_Magnitude_avg_jerk,0.9403211856457032,2,10,"1,2,3,4,5,6,7,8,9,10",480.46228660989664,1.8150507589455072,4.229901652051591
HE_FreeAcc_Magnitude,healthy,HE_FreeAcc_Magnitude_max_jerk,0.8661787138348799,2,10,"1,2,3,4,5,6,7,8,9,10",23844.949151928864,230.82387927343285,490.801357017273
HE_FreeAcc_Magnitude,healthy,HE_FreeAcc_Magnitude_std_jerk,0.9248594654976385,2,10,"1,2,3,4,5,6,7,8,9,10",1054.2463984080657,5.273270562575029,11.667665051476767
HE_FreeAcc_Magnitude,neuro,HE_FreeAcc_Magnitude_avg_stride_time,0.6280316724348102,2,20,"1,2,3,4,5,6,7,8,9,10,13,14,11,12,15,16,17,18,19,20",0.03957014487991608,0.0007899218070444314,0.001466846564847626
HE_FreeAcc_Magnitude,neuro,HE_FreeAcc_Magnitude_max_stride_time,-0.035117554068994444,2,20,"1,2,3,4,5,6,7,8,9,10,13,14,11,12,15,16,17,18,19,20",0.1452025000000012,0.4244130263157895,0.4376761842105264
HE_FreeAcc_Magnitude,neuro,HE_FreeAcc_Magnitude_std_stride_time,-0.0493997738386944,2,20,"1,2,3,4,5,6,7,8,9,10,13,14,11,12,15,16,17,18,19,20",1.1925662652279054e-05,0.01040260175178015,0.009275040776938514
HE_FreeAcc_Magnitude,neuro,HE_FreeAcc_Magnitude_u_turn_time,0.2742896923263524,2,20,"1,2,3,4,5,6,7,8,9,10,13,14,11,12,15,16,17,18,19,20",1.31769,0.12723684210526312,0.1750742105263158
HE_FreeAcc_Magnitude,neuro,HE_FreeAcc_Magnitude_gait_cadence,0.46762370496254907,2,20,"1,2,3,4,5,6,7,8,9,10,13,14,11,12,15,16,17,18,19,20",0.11221842131433102,0.005152369575817074,0.006844187408728296
HE_FreeAcc_Magnitude,neuro,HE_FreeAcc_Magnitude_avg_acceleration_peak,-0.00018780919710167273,2,20,"1,2,3,4,5,6,7,8,9,10,13,14,11,12,15,16,17,18,19,20",0.7062565466707247,0.870518991871475,0.7092228901089715
HE_FreeAcc_Magnitude,neuro,HE_FreeAcc_Magnitude_max_acceleration_peak,0.057937806811521816,2,20,"1,2,3,4,5,6,7,8,9,10,13,14,11,12,15,16,17,18,19,20",6.940935098695411,6.171831020805432,1.947476403542221
HE_FreeAcc_Magnitude,neuro,HE_FreeAcc_Magnitude_std_acceleration_peak,0.033838484839350855,2,20,"1,2,3,4,5,6,7,8,9,10,13,14,11,12,15,16,17,18,19,20",0.23041914612738576,0.29629304886389585,0.09379584838306015
HE_FreeAcc_Magnitude,neuro,HE_FreeAcc_Magnitude_avg_jerk,0.19659702263499085,2,20,"1,2,3,4,5,6,7,8,9,10,13,14,11,12,15,16,17,18,19,20",129.25493941939786,29.51946027199324,16.54144089881795
HE_FreeAcc_Magnitude,neuro,HE_FreeAcc_Magnitude_max_jerk,0.09297404173626377,2,20,"1,2,3,4,5,6,7,8,9,10,13,14,11,12,15,16,17,18,19,20",3265.5705402252006,1395.4902132412215,906.2195482937166
HE_FreeAcc_Magnitude,neuro,HE_FreeAcc_Magnitude_std_jerk,0.1571715162671204,2,20,"1,2,3,4,5,6,7,8,9,10,13,14,11,12,15,16,17,18,19,20",218.82219529007864,64.07722643071077,34.672568799927284
HE_FreeAcc_Magnitude,ortho,HE_FreeAcc_Magnitude_avg_stride_time,-0.08527814203037985,2,9,"1,2,3,4,5,6,7,8,9",0.0011497868850648988,0.004068098174826358,0.004004093794783624
HE_FreeAcc_Magnitude,ortho,HE_FreeAcc_Magnitude_max_stride_time,0.37978113368548094,2,9,"1,2,3,4,5,6,7,8,9",3.6090888888888895,0.4550750000000001,0.6271138888888885
HE_FreeAcc_Magnitude,ortho,HE_FreeAcc_Magnitude_std_stride_time,0.3961788963859312,2,9,"1,2,3,4,5,6,7,8,9",0.09796562760781591,0.01157048183008638,0.01614236914866122
HE_FreeAcc_Magnitude,ortho,HE_FreeAcc_Magnitude_u_turn_time,0.38182179601474636,2,9,"1,2,3,4,5,6,7,8,9",6.968888888888894,0.5729597222222219,1.4225263888888877
HE_FreeAcc_Magnitude,ortho,HE_FreeAcc_Magnitude_gait_cadence,-0.14473405428404107,2,9,"1,2,3,4,5,6,7,8,9",0.00013357823054614004,0.00746423040797018,0.01016229414233075
HE_FreeAcc_Magnitude,ortho,HE_FreeAcc_Magnitude_avg_acceleration_peak,0.8343182101713261,2,9,"1,2,3,4,5,6,7,8,9",25.852800949861233,0.5729114956814684,0.543958990936097
HE_FreeAcc_Magnitude,ortho,HE_FreeAcc_Magnitude_max_acceleration_peak,0.8973733903282299,2,9,"1,2,3,4,5,6,7,8,9",55.41190863310769,0.37436799950292116,1.008250563033672
HE_FreeAcc_Magnitude,ortho,HE_FreeAcc_Magnitude_std_acceleration_peak,0.6295823133694098,2,9,"1,2,3,4,5,6,7,8,9",5.048798347933898,0.22061790211345733,0.3886724881554191
HE_FreeAcc_Magnitude,ortho,HE_FreeAcc_Magnitude_avg_jerk,0.23085346094527806,2,9,"1,2,3,4,5,6,7,8,9",4.50578529627921,1.667826461059114,0.9585263938210813
HE_FreeAcc_Magnitude,ortho,HE_FreeAcc_Magnitude_max_jerk,0.21590124411878261,2,9,"1,2,3,4,5,6,7,8,9",568.1465995381631,135.65837213263507,178.67035737046706
HE_FreeAcc_Magnitude,ortho,HE_FreeAcc_Magnitude_std_jerk,0.19316930924858136,2,9,"1,2,3,4,5,6,7,8,9",9.722377594993617,3.9460046431133096,2.6336260996182634
HE_Gyr_Magnitude,all,HE_Gyr_Magnitude_avg_stride_time,0.896697214725761,2,24,"1,2,3,4,5,6,7,8,9,10,14,13,12,11,15,16,17,18,19,20,21,22,23,24",0.15652494523812488,0.0006595898673935868,0.00083508009515689
HE_Gyr_Magnitude,all,HE_Gyr_Magnitude_max_stride_time,0.3133017819565334,2,24,"1,2,3,4,5,6,7,8,9,10,14,13,12,11,15,16,17,18,19,20,21,22,23,24",3.2447999999999997,0.27215181159420293,0.2710130434782609
HE_Gyr_Magnitude,all,HE_Gyr_Magnitude_std_stride_time,0.4134344095619881,2,24,"1,2,3,4,5,6,7,8,9,10,14,13,12,11,15,16,17,18,19,20,21,22,23,24",0.09750066785301756,0.00538500878334511,0.005493074688706563
HE_Gyr_Magnitude,all,HE_Gyr_Magnitude_u_turn_time,0.3422259791490562,2,24,"1,2,3,4,5,6,7,8,9,10,14,13,12,11,15,16,17,18,19,20,21,22,23,24",1.3500520833333338,0.10499338768115947,0.0958868659420289
HE_Gyr_Magnitude,all,HE_Gyr_Magnitude_gait_cadence,0.8093182259722581,2,24,"1,2,3,4,5,6,7,8,9,10,14,13,12,11,15,16,17,18,19,20,21,22,23,24",0.43426514302211483,0.003922620746797965,0.004515088524048138
HE_Gyr_Magnitude,all,HE_Gyr_Magnitude_avg_angular_velocity_peak,0.0038035937050536033,2,24,"1,2,3,4,5,6,7,8,9,10,14,13,12,11,15,16,17,18,19,20,21,22,23,24",0.04770387920296965,0.03714793794847111,0.04398651012968622
HE_Gyr_Magnitude,all,HE_Gyr_Magnitude_max_angular_velocity_peak,0.052849116689389394,2,24,"1,2,3,4,5,6,7,8,9,10,14,13,12,11,15,16,17,18,19,20,21,22,23,24",0.9341438947909257,0.390163895068762,0.40303621876029
HE_Gyr_Magnitude,all,HE_Gyr_Magnitude_std_angular_velocity_peak,0.08508951113670525,2,24,"1,2,3,4,5,6,7,8,9,10,14,13,12,11,15,16,17,18,19,20,21,22,23,24",0.12442348325439104,0.04003342616588586,0.03768586439338617
HE_Gyr_Magnitude,all,HE_Gyr_Magnitude_avg_angular_acceleration,0.6470993034481081,2,24,"1,2,3,4,5,6,7,8,9,10,14,13,12,11,15,16,17,18,19,20,21,22,23,24",19.00068286753658,0.4558275329834501,0.38996428447746373
HE_Gyr_Magnitude,all,HE_Gyr_Magnitude_max_angular_acceleration,0.2986267844500887,2,24,"1,2,3,4,5,6,7,8,9,10,14,13,12,11,15,16,17,18,19,20,21,22,23,24",378.24599152563565,36.306053113390114,31.54992135953326
HE_Gyr_Magnitude,all,HE_Gyr_Magnitude_std_angular_acceleration,0.5359321053782646,2,24,"1,2,3,4,5,6,7,8,9,10,14,13,12,11,15,16,17,18,19,20,21,22,23,24",31.615669165036977,1.260806742560956,0.9518628440155881
HE_Gyr_Magnitude,healthy,HE_Gyr_Magnitude_avg_stride_time,0.9304282968770216,2,10,"1,2,3,4,5,6,7,8,9,10",0.13839812342315364,0.00046760841096789237,0.0015784975436839916
HE_Gyr_Magnitude,healthy,HE_Gyr_Magnitude_max_stride_time,0.5568115714173415,2,10,"1,2,3,4,5,6,7,8,9,10",2.7751250000000005,0.18987166666666663,0.2173027777777778
HE_Gyr_Magnitude,healthy,HE_Gyr_Magnitude_std_stride_time,0.437093676537258,2,10,"1,2,3,4,5,6,7,8,9,10",0.0409867115227687,0.0036197585379777694,0.0055162824859655325
HE_Gyr_Magnitude,healthy,HE_Gyr_Magnitude_u_turn_time,0.528050997023418,2,10,"1,2,3,4,5,6,7,8,9,10",1.8666050000000012,0.10253833333333336,0.19607166666666645
HE_Gyr_Magnitude,healthy,HE_Gyr_Magnitude_gait_cadence,0.938556833215753,2,10,"1,2,3,4,5,6,7,8,9,10",0.3642996636863728,0.0010440379573730578,0.003677628135138478
HE_Gyr_Magnitude,healthy,HE_Gyr_Magnitude_avg_angular_velocity_peak,-0.05345394948800541,2,10,"1,2,3,4,5,6,7,8,9,10",0.034368083980772506,0.014884141976360031,0.05111178088810189
HE_Gyr_Magnitude,healthy,HE_Gyr_Magnitude_max_angular_velocity_peak,-0.01156219622009854,2,10,"1,2,3,4,5,6,7,8,9,10",0.3973990278308053,0.5144014697578095,0.45266719472577993
HE_Gyr_Magnitude,healthy,HE_Gyr_Magnitude_std_angular_velocity_peak,-0.0621565218823697,2,10,"1,2,3,4,5,6,7,8,9,10",0.02183332645935069,0.038760488754006124,0.04689608641638502
HE_Gyr_Magnitude,healthy,HE_Gyr_Magnitude_avg_angular_acceleration,0.5741799953998942,2,10,"1,2,3,4,5,6,7,8,9,10",4.351306155335769,0.33063436795361706,0.27410729839718356
HE_Gyr_Magnitude,healthy,HE_Gyr_Magnitude_max_angular_acceleration,0.29228987019315117,2,10,"1,2,3,4,5,6,7,8,9,10",113.57430075845464,19.04186944363053,24.22549188232246
HE_Gyr_Magnitude,healthy,HE_Gyr_Magnitude_std_angular_acceleration,0.4411555810617022,2,10,"1,2,3,4,5,6,7,8,9,10",8.280746483359192,0.9418808399070728,0.9223932644986199
HE_Gyr_Magnitude,neuro,HE_Gyr_Magnitude_avg_stride_time,0.6280316724348102,2,20,"1,2,3,4,5,6,7,8,9,10,13,14,11,12,15,16,17,18,19,20",0.03957014487991608,0.0007899218070444314,0.001466846564847626
HE_Gyr_Magnitude,neuro,HE_Gyr_Magnitude_max_stride_time,-0.035117554068994444,2,20,"1,2,3,4,5,6,7,8,9,10,13,14,11,12,15,16,17,18,19,20",0.1452025000000012,0.4244130263157895,0.4376761842105264
HE_Gyr_Magnitude,neuro,HE_Gyr_Magnitude_std_stride_time,-0.0493997738386944,2,20,"1,2,3,4,5,6,7,8,9,10,13,14,11,12,15,16,17,18,19,20",1.1925662652279054e-05,0.01040260175178015,0.009275040776938514
HE_Gyr_Magnitude,neuro,HE_Gyr_Magnitude_u_turn_time,0.2742896923263524,2,20,"1,2,3,4,5,6,7,8,9,10,13,14,11,12,15,16,17,18,19,20",1.31769,0.12723684210526312,0.1750742105263158
HE_Gyr_Magnitude,neuro,HE_Gyr_Magnitude_gait_cadence,0.46762370496254907,2,20,"1,2,3,4,5,6,7,8,9,10,13,14,11,12,15,16,17,18,19,20",0.11221842131433102,0.005152369575817074,0.006844187408728296
HE_Gyr_Magnitude,neuro,HE_Gyr_Magnitude_avg_angular_velocity_peak,0.19745284412761396,2,20,"1,2,3,4,5,6,7,8,9,10,13,14,11,12,15,16,17,18,19,20",0.23315262098790895,0.028660556875122672,0.04700084084830759
HE_Gyr_Magnitude,neuro,HE_Gyr_Magnitude_max_angular_velocity_peak,0.19590044659304504,2,20,"1,2,3,4,5,6,7,8,9,10,13,14,11,12,15,16,17,18,19,20",1.3274301151777224,0.20884042880255618,0.23823447307646575
HE_Gyr_Magnitude,neuro,HE_Gyr_Magnitude_std_angular_velocity_peak,-0.04747075888551982,2,20,"1,2,3,4,5,6,7,8,9,10,13,14,11,12,15,16,17,18,19,20",0.005401037973021172,0.0170618543441185,0.02401834091521074
HE_Gyr_Magnitude,neuro,HE_Gyr_Magnitude_avg_angular_acceleration,0.5128118985682136,2,20,"1,2,3,4,5,6,7,8,9,10,13,14,11,12,15,16,17,18,19,20",5.984624034237578,0.3563278200439429,0.1938177458587658
HE_Gyr_Magnitude,neuro,HE_Gyr_Magnitude_max_angular_acceleration,0.21961327884505344,2,20,"1,2,3,4,5,6,7,8,9,10,13,14,11,12,15,16,17,18,19,20",185.7081389593391,31.888340295983042,25.161311968324934
HE_Gyr_Magnitude,neuro,HE_Gyr_Magnitude_std_angular_acceleration,0.5186602319770216,2,20,"1,2,3,4,5,6,7,8,9,10,13,14,11,12,15,16,17,18,19,20",12.260765566348176,0.7180794069891191,0.384125614146643
HE_Gyr_Magnitude,ortho,HE_Gyr_Magnitude_avg_stride_time,-0.08527814203037985,2,9,"1,2,3,4,5,6,7,8,9",0.0011497868850648988,0.004068098174826358,0.004004093794783624
HE_Gyr_Magnitude,ortho,HE_Gyr_Magnitude_max_stride_time,0.37978113368548094,2,9,"1,2,3,4,5,6,7,8,9",3.6090888888888895,0.4550750000000001,0.6271138888888885
HE_Gyr_Magnitude,ortho,HE_Gyr_Magnitude_std_stride_time,0.3961788963859312,2,9,"1,2,3,4,5,6,7,8,9",0.09796562760781591,0.01157048183008638,0.01614236914866122
HE_Gyr_Magnitude,ortho,HE_Gyr_Magnitude_u_turn_time,0.38182179601474636,2,9,"1,2,3,4,5,6,7,8,9",6.968888888888894,0.5729597222222219,1.4225263888888877
HE_Gyr_Magnitude,ortho,HE_Gyr_Magnitude_gait_cadence,-0.14473405428404107,2,9,"1,2,3,4,5,6,7,8,9",0.00013357823054614004,0.00746423040797018,0.01016229414233075
HE_Gyr_Magnitude,ortho,HE_Gyr_Magnitude_avg_angular_velocity_peak,0.7077326815410026,2,9,"1,2,3,4,5,6,7,8,9",0.9297563246525343,0.012522057573012193,0.06668187582892142
HE_Gyr_Magnitude,ortho,HE_Gyr_Magnitude_max_angular_velocity_peak,0.5605218384034936,2,9,"1,2,3,4,5,6,7,8,9",5.408104061795297,0.4392827081387808,0.4283571906537147
HE_Gyr_Magnitude,ortho,HE_Gyr_Magnitude_std_angular_velocity_peak,0.2142327047979475,2,9,"1,2,3,4,5,6,7,8,9",0.12769601546668524,0.03786732591353161,0.03648013286556571
HE_Gyr_Magnitude,ortho,HE_Gyr_Magnitude_avg_angular_acceleration,0.8468719059595066,2,9,"1,2,3,4,5,6,7,8,9",24.72259500628723,0.5189446144599946,0.45611554461602355
HE_Gyr_Magnitude,ortho,HE_Gyr_Magnitude_max_angular_acceleration,0.3934812249996321,2,9,"1,2,3,4,5,6,7,8,9",133.43156894999763,15.237100168122875,22.694472721976968
HE_Gyr_Magnitude,ortho,HE_Gyr_Magnitude_std_angular_acceleration,0.8029647620620236,2,9,"1,2,3,4,5,6,7,8,9",36.013860167211874,0.9069927386920736,1.0021909647922609
LB_FreeAcc_Magnitude,all,LB_FreeAcc_Magnitude_avg_stride_time,0.896697214725761,2,24,"1,2,3,4,5,6,7,8,9,10,14,13,12,11,15,16,17,18,19,20,21,22,23,24",0.15652494523812488,0.0006595898673935868,0.00083508009515689
LB_FreeAcc_Magnitude,all,LB_FreeAcc_Magnitude_max_stride_time,0.3133017819565334,2,24,"1,2,3,4,5,6,7,8,9,10,14,13,12,11,15,16,17,18,19,20,21,22,23,24",3.2447999999999997,0.27215181159420293,0.2710130434782609
LB_FreeAcc_Magnitude,all,LB_FreeAcc_Magnitude_std_stride_time,0.4134344095619881,2,24,"1,2,3,4,5,6,7,8,9,10,14,13,12,11,15,16,17,18,19,20,21,22,23,24",0.09750066785301756,0.00538500878334511,0.005493074688706563
LB_FreeAcc_Magnitude,all,LB_FreeAcc_Magnitude_u_turn_time,0.3422259791490562,2,24,"1,2,3,4,5,6,7,8,9,10,14,13,12,11,15,16,17,18,19,20,21,22,23,24",1.3500520833333338,0.10499338768115947,0.0958868659420289
LB_FreeAcc_Magnitude,all,LB_FreeAcc_Magnitude_gait_cadence,0.8093182259722581,2,24,"1,2,3,4,5,6,7,8,9,10,14,13,12,11,15,16,17,18,19,20,21,22,23,24",0.43426514302211483,0.003922620746797965,0.004515088524048138
LB_FreeAcc_Magnitude,all,LB_FreeAcc_Magnitude_avg_acceleration_peak,0.5178280310295007,2,24,"1,2,3,4,5,6,7,8,9,10,14,13,12,11,15,16,17,18,19,20,21,22,23,24",1.3213404011860632,0.058494224202611245,0.04086461891397531
LB_FreeAcc_Magnitude,all,LB_FreeAcc_Magnitude_max_acceleration_peak,0.050180027586814197,2,24,"1,2,3,4,5,6,7,8,9,10,14,13,12,11,15,16,17,18,19,20,21,22,23,24",4.013718224202176,2.481281263030503,1.4936920146932158
LB_FreeAcc_Magnitude,all,LB_FreeAcc_Magnitude_std_acceleration_peak,0.04633344558304064,2,24,"1,2,3,4,5,6,7,8,9,10,14,13,12,11,15,16,17,18,19,20,21,22,23,24",0.05794329666145656,0.027306901986427698,0.026546175986397077
LB_FreeAcc_Magnitude,all,LB_FreeAcc_Magnitude_avg_jerk,-0.020539363469837747,2,24,"1,2,3,4,5,6,7,8,9,10,14,13,12,11,15,16,17,18,19,20,21,22,23,24",13.03616865234494,26.855566220798625,25.738182923403407
LB_FreeAcc_Magnitude,all,LB_FreeAcc_Magnitude_max_jerk,0.07332017538475713,2,24,"1,2,3,4,5,6,7,8,9,10,14,13,12,11,15,16,17,18,19,20,21,22,23,24",6679.268198357355,2497.6729162953047,2209.7629830543933
LB_FreeAcc_Magnitude,all,LB_FreeAcc_Magnitude_std_jerk,0.05605313839246082,2,24,"1,2,3,4,5,6,7,8,9,10,14,13,12,11,15,16,17,18,19,20,21,22,23,24",154.59896429076812,72.92211485000074,59.93070270429586
LB_FreeAcc_Magnitude,healthy,LB_FreeAcc_Magnitude_avg_stride_time,0.9304282968770216,2,10,"1,2,3,4,5,6,7,8,9,10",0.13839812342315364,0.00046760841096789237,0.0015784975436839916
LB_FreeAcc_Magnitude,healthy,LB_FreeAcc_Magnitude_max_stride_time,0.5568115714173415,2,10,"1,2,3,4,5,6,7,8,9,10",2.7751250000000005,0.18987166666666663,0.2173027777777778
LB_FreeAcc_Magnitude,healthy,LB_FreeAcc_Magnitude_std_stride_time,0.437093676537258,2,10,"1,2,3,4,5,6,7,8,9,10",0.0409867115227687,0.0036197585379777694,0.0055162824859655325
LB_FreeAcc_Magnitude,healthy,LB_FreeAcc_Magnitude_u_turn_time,0.528050997023418,2,10,"1,2,3,4,5,6,7,8,9,10",1.8666050000000012,0.10253833333333336,0.19607166666666645
LB_FreeAcc_Magnitude,healthy,LB_FreeAcc_Magnitude_gait_cadence,0.938556833215753,2,10,"1,2,3,4,5,6,7,8,9,10",0.3642996636863728,0.0010440379573730578,0.003677628135138478
LB_FreeAcc_Magnitude,healthy,LB_FreeAcc_Magnitude_avg_acceleration_peak,0.94926520082201,2,10,"1,2,3,4,5,6,7,8,9,10",5.767247407662461,0.031118238379846577,0.03020658710722544
LB_FreeAcc_Magnitude,healthy,LB_FreeAcc_Magnitude_max_acceleration_peak,0.8708767629823936,2,10,"1,2,3,4,5,6,7,8,9,10",41.964628357327186,0.6876638778761787,0.5407053375263382
LB_FreeAcc_Magnitude,healthy,LB_FreeAcc_Magnitude_std_acceleration_peak,0.937161381840256,2,10,"1,2,3,4,5,6,7,8,9,10",1.3595280602491506,0.010662269262763948,0.007469399320681987
LB_FreeAcc_Magnitude,healthy,LB_FreeAcc_Magnitude_avg_jerk,0.971617757866876,2,10,"1,2,3,4,5,6,7,8,9,10",1245.140497732346,5.277513726754403,1.9853282179349696
LB_FreeAcc_Magnitude,healthy,LB_FreeAcc_Magnitude_max_jerk,0.8882425593568605,2,10,"1,2,3,4,5,6,7,8,9,10",55666.3758292111,659.4582654057032,723.1185431923736
LB_FreeAcc_Magnitude,healthy,LB_FreeAcc_Magnitude_std_jerk,0.9559113408107139,2,10,"1,2,3,4,5,6,7,8,9,10",2638.811636386118,14.009253003432589,10.237827218046496
LB_FreeAcc_Magnitude,neuro,LB_FreeAcc_Magnitude_avg_stride_time,0.6280316724348102,2,20,"1,2,3,4,5,6,7,8,9,10,13,14,11,12,15,16,17,18,19,20",0.03957014487991608,0.0007899218070444314,0.001466846564847626
LB_FreeAcc_Magnitude,neuro,LB_FreeAcc_Magnitude_max_stride_time,-0.035117554068994444,2,20,"1,2,3,4,5,6,7,8,9,10,13,14,11,12,15,16,17,18,19,20",0.1452025000000012,0.4244130263157895,0.4376761842105264
LB_FreeAcc_Magnitude,neuro,LB_FreeAcc_Magnitude_std_stride_time,-0.0493997738386944,2,20,"1,2,3,4,5,6,7,8,9,10,13,14,11,12,15,16,17,18,19,20",1.1925662652279054e-05,0.01040260175178015,0.009275040776938514
LB_FreeAcc_Magnitude,neuro,LB_FreeAcc_Magnitude_u_turn_time,0.2742896923263524,2,20,"1,2,3,4,5,6,7,8,9,10,13,14,11,12,15,16,17,18,19,20",1.31769,0.12723684210526312,0.1750742105263158
LB_FreeAcc_Magnitude,neuro,LB_FreeAcc_Magnitude_gait_cadence,0.46762370496254907,2,20,"1,2,3,4,5,6,7,8,9,10,13,14,11,12,15,16,17,18,19,20",0.11221842131433102,0.005152369575817074,0.006844187408728296
LB_FreeAcc_Magnitude,neuro,LB_FreeAcc_Magnitude_avg_acceleration_peak,0.211009214905843,2,20,"1,2,3,4,5,6,7,8,9,10,13,14,11,12,15,16,17,18,19,20",0.37113085187022743,0.06721054906492231,0.05208487432184909
LB_FreeAcc_Magnitude,neuro,LB_FreeAcc_Magnitude_max_acceleration_peak,0.04447769214499363,2,20,"1,2,3,4,5,6,7,8,9,10,13,14,11,12,15,16,17,18,19,20",7.682633978880445,6.192890839351096,3.2753522472333274
LB_FreeAcc_Magnitude,neuro,LB_FreeAcc_Magnitude_std_acceleration_peak,-0.03417627557157867,2,20,"1,2,3,4,5,6,7,8,9,10,13,14,11,12,15,16,17,18,19,20",0.0013252704852180356,0.07909103384072237,0.04101729986187816
LB_FreeAcc_Magnitude,neuro,LB_FreeAcc_Magnitude_avg_jerk,-0.03634915803697817,2,20,"1,2,3,4,5,6,7,8,9,10,13,14,11,12,15,16,17,18,19,20",2.360098842763362,76.98462372154641,45.22375908256528
LB_FreeAcc_Magnitude,neuro,LB_FreeAcc_Magnitude_max_jerk,-0.014480027895165119,2,20,"1,2,3,4,5,6,7,8,9,10,13,14,11,12,15,16,17,18,19,20",3976.1536906864962,10310.821871878978,6354.912135215105
LB_FreeAcc_Magnitude,neuro,LB_FreeAcc_Magnitude_std_jerk,-0.033918133158265404,2,20,"1,2,3,4,5,6,7,8,9,10,13,14,11,12,15,16,17,18,19,20",14.435108645887462,230.65737822957888,134.09307965129608
LB_FreeAcc_Magnitude,ortho,LB_FreeAcc_Magnitude_avg_stride_time,-0.08527814203037985,2,9,"1,2,3,4,5,6,7,8,9",0.0011497868850648988,0.004068098174826358,0.004004093794783624
LB_FreeAcc_Magnitude,ortho,LB_FreeAcc_Magnitude_max_stride_time,0.37978113368548094,2,9,"1,2,3,4,5,6,7,8,9",3.6090888888888895,0.4550750000000001,0.6271138888888885
LB_FreeAcc_Magnitude,ortho,LB_FreeAcc_Magnitude_std_stride_time,0.3961788963859312,2,9,"1,2,3,4,5,6,7,8,9",0.09796562760781591,0.01157048183008638,0.01614236914866122
LB_FreeAcc_Magnitude,ortho,LB_FreeAcc_Magnitude_u_turn_time,0.38182179601474636,2,9,"1,2,3,4,5,6,7,8,9",6.968888888888894,0.5729597222222219,1.4225263888888877
LB_FreeAcc_Magnitude,ortho,LB_FreeAcc_Magnitude_gait_cadence,-0.14473405428404107,2,9,"1,2,3,4,5,6,7,8,9",0.00013357823054614004,0.00746423040797018,0.01016229414233075
LB_FreeAcc_Magnitude,ortho,LB_FreeAcc_Magnitude_avg_acceleration_peak,0.8038834703860219,2,9,"1,2,3,4,5,6,7,8,9",1.9544954675378245,0.025294146688779273,0.07651785984144766
LB_FreeAcc_Magnitude,ortho,LB_FreeAcc_Magnitude_max_acceleration_peak,0.5011564609424579,2,9,"1,2,3,4,5,6,7,8,9",18.878831573194255,1.3799720730893739,2.2895263259886818
LB_FreeAcc_Magnitude,ortho,LB_FreeAcc_Magnitude_std_acceleration_peak,0.5664646363521167,2,9,"1,2,3,4,5,6,7,8,9",0.3956582662056223,0.019819391297678426,0.04057176857635053
LB_FreeAcc_Magnitude,ortho,LB_FreeAcc_Magnitude_avg_jerk,0.70020018726415,2,9,"1,2,3,4,5,6,7,8,9",270.9949465375154,7.14041884198743,17.024218657040624
LB_FreeAcc_Magnitude,ortho,LB_FreeAcc_Magnitude_max_jerk,0.5149569175742279,2,9,"1,2,3,4,5,6,7,8,9",18245.178106212028,1427.5254689604772,1977.5136826766093
LB_FreeAcc_Magnitude,ortho,LB_FreeAcc_Magnitude_std_jerk,0.6838704093262223,2,9,"1,2,3,4,5,6,7,8,9",876.3993119207162,32.251031304414205,52.395301601580876
LB_Gyr_Magnitude,all,LB_Gyr_Magnitude_avg_stride_time,0.896697214725761,2,24,"1,2,3,4,5,6,7,8,9,10,14,13,12,11,15,16,17,18,19,20,21,22,23,24",0.15652494523812488,0.0006595898673935868,0.00083508009515689
LB_Gyr_Magnitude,all,LB_Gyr_Magnitude_max_stride_time,0.3133017819565334,2,24,"1,2,3,4,5,6,7,8,9,10,14,13,12,11,15,16,17,18,19,20,21,22,23,24",3.2447999999999997,0.27215181159420293,0.2710130434782609
LB_Gyr_Magnitude,all,LB_Gyr_Magnitude_std_stride_time,0.4134344095619881,2,24,"1,2,3,4,5,6,7,8,9,10,14,13,12,11,15,16,17,18,19,20,21,22,23,24",0.09750066785301756,0.00538500878334511,0.005493074688706563
LB_Gyr_Magnitude,all,LB_Gyr_Magnitude_u_turn_time,0.3422259791490562,2,24,"1,2,3,4,5,6,7,8,9,10,14,13,12,11,15,16,17,18,19,20,21,22,23,24",1.3500520833333338,0.10499338768115947,0.0958868659420289
LB_Gyr_Magnitude,all,LB_Gyr_Magnitude_gait_cadence,0.8093182259722581,2,24,"1,2,3,4,5,6,7,8,9,10,14,13,12,11,15,16,17,18,19,20,21,22,23,24",0.43426514302211483,0.003922620746797965,0.004515088524048138
LB_Gyr_Magnitude,all,LB_Gyr_Magnitude_avg_angular_velocity_peak,0.42914837729799726,2,24,"1,2,3,4,5,6,7,8,9,10,14,13,12,11,15,16,17,18,19,20,21,22,23,24",0.4090261129755802,0.019525509540244512,0.023238888291706186
LB_Gyr_Magnitude,all,LB_Gyr_Magnitude_max_angular_velocity_peak,-0.06272339326304249,2,24,"1,2,3,4,5,6,7,8,9,10,14,13,12,11,15,16,17,18,19,20,21,22,23,24",0.0011402254046753515,0.07994276521079197,0.19798281768228018
LB_Gyr_Magnitude,all,LB_Gyr_Magnitude_std_angular_velocity_peak,-0.050083685808375585,2,24,"1,2,3,4,5,6,7,8,9,10,14,13,12,11,15,16,17,18,19,20,21,22,23,24",6.6725761839260314e-06,0.009571565499762801,0.012825254050861106
LB_Gyr_Magnitude,all,LB_Gyr_Magnitude_avg_angular_acceleration,-0.026955779306315535,2,24,"1,2,3,4,5,6,7,8,9,10,14,13,12,11,15,16,17,18,19,20,21,22,23,24",0.5490297187281454,0.5403778363676162,1.0499490566383927
LB_Gyr_Magnitude,all,LB_Gyr_Magnitude_max_angular_acceleration,0.08441568618975173,2,24,"1,2,3,4,5,6,7,8,9,10,14,13,12,11,15,16,17,18,19,20,21,22,23,24",128.74892193934636,55.92928765925792,31.746165348067557
LB_Gyr_Magnitude,all,LB_Gyr_Magnitude_std_angular_acceleration,0.022197365422710218,2,24,"1,2,3,4,5,6,7,8,9,10,14,13,12,11,15,16,17,18,19,20,21,22,23,24",2.413862637832795,1.0419083156742437,1.6740060477594383
LB_Gyr_Magnitude,healthy,LB_Gyr_Magnitude_avg_stride_time,0.9304282968770216,2,10,"1,2,3,4,5,6,7,8,9,10",0.13839812342315364,0.00046760841096789237,0.0015784975436839916
LB_Gyr_Magnitude,healthy,LB_Gyr_Magnitude_max_stride_time,0.5568115714173415,2,10,"1,2,3,4,5,6,7,8,9,10",2.7751250000000005,0.18987166666666663,0.2173027777777778
LB_Gyr_Magnitude,healthy,LB_Gyr_Magnitude_std_stride_time,0.437093676537258,2,10,"1,2,3,4,5,6,7,8,9,10",0.0409867115227687,0.0036197585379777694,0.0055162824859655325
LB_Gyr_Magnitude,healthy,LB_Gyr_Magnitude_u_turn_time,0.528050997023418,2,10,"1,2,3,4,5,6,7,8,9,10",1.8666050000000012,0.10253833333333336,0.19607166666666645
LB_Gyr_Magnitude,healthy,LB_Gyr_Magnitude_gait_cadence,0.938556833215753,2,10,"1,2,3,4,5,6,7,8,9,10",0.3642996636863728,0.0010440379573730578,0.003677628135138478
LB_Gyr_Magnitude,healthy,LB_Gyr_Magnitude_avg_angular_velocity_peak,0.6773539876005504,2,10,"1,2,3,4,5,6,7,8,9,10",0.5041052021459191,0.010347103669266292,0.034400098386349595
LB_Gyr_Magnitude,healthy,LB_Gyr_Magnitude_max_angular_velocity_peak,0.5623208063134258,2,10,"1,2,3,4,5,6,7,8,9,10",1.0466112826190619,0.03836411784657416,0.1077823167747075
LB_Gyr_Magnitude,healthy,LB_Gyr_Magnitude_std_angular_velocity_peak,0.6350244306469122,2,10,"1,2,3,4,5,6,7,8,9,10",0.0421975639548766,0.0012548207998665146,0.003225015664653327
LB_Gyr_Magnitude,healthy,LB_Gyr_Magnitude_avg_angular_acceleration,0.8499509063567225,2,10,"1,2,3,4,5,6,7,8,9,10",16.439212375834323,0.3013568618797818,0.26955662768483823
LB_Gyr_Magnitude,healthy,LB_Gyr_Magnitude_max_angular_acceleration,0.6681824062397306,2,10,"1,2,3,4,5,6,7,8,9,10",513.7896908146439,22.797645327193568,25.681044067974963
LB_Gyr_Magnitude,healthy,LB_Gyr_Magnitude_std_angular_acceleration,0.8602303475439591,2,10,"1,2,3,4,5,6,7,8,9,10",26.989780095626035,0.3858653379553925,0.47573163975196997
LB_Gyr_Magnitude,neuro,LB_Gyr_Magnitude_avg_stride_time,0.6280316724348102,2,20,"1,2,3,4,5,6,7,8,9,10,13,14,11,12,15,16,17,18,19,20",0.03957014487991608,0.0007899218070444314,0.001466846564847626
LB_Gyr_Magnitude,neuro,LB_Gyr_Magnitude_max_stride_time,-0.035117554068994444,2,20,"1,2,3,4,5,6,7,8,9,10,13,14,11,12,15,16,17,18,19,20",0.1452025000000012,0.4244130263157895,0.4376761842105264
LB_Gyr_Magnitude,neuro,LB_Gyr_Magnitude_std_stride_time,-0.0493997738386944,2,20,"1,2,3,4,5,6,7,8,9,10,13,14,11,12,15,16,17,18,19,20",1.1925662652279054e-05,0.01040260175178015,0.009275040776938514
LB_Gyr_Magnitude,neuro,LB_Gyr_Magnitude_u_turn_time,0.2742896923263524,2,20,"1,2,3,4,5,6,7,8,9,10,13,14,11,12,15,16,17,18,19,20",1.31769,0.12723684210526312,0.1750742105263158
LB_Gyr_Magnitude,neuro,LB_Gyr_Magnitude_gait_cadence,0.46762370496254907,2,20,"1,2,3,4,5,6,7,8,9,10,13,14,11,12,15,16,17,18,19,20",0.11221842131433102,0.005152369575817074,0.006844187408728296
LB_Gyr_Magnitude,neuro,LB_Gyr_Magnitude_avg_angular_velocity_peak,0.48718150695237056,2,20,"1,2,3,4,5,6,7,8,9,10,13,14,11,12,15,16,17,18,19,20",0.6734887702628873,0.03300393696656399,0.03428059061743306
LB_Gyr_Magnitude,neuro,LB_Gyr_Magnitude_max_angular_velocity_peak,0.41904910001965817,2,20,"1,2,3,4,5,6,7,8,9,10,13,14,11,12,15,16,17,18,19,20",2.08436661570337,0.14126708844325497,0.12971680500049
LB_Gyr_Magnitude,neuro,LB_Gyr_Magnitude_std_angular_velocity_peak,0.2398945351151032,2,20,"1,2,3,4,5,6,7,8,9,10,13,14,11,12,15,16,17,18,19,20",0.12235128951356691,0.006609159547688937,0.024420269161683265
LB_Gyr_Magnitude,neuro,LB_Gyr_Magnitude_avg_angular_acceleration,0.48513123139599834,2,20,"1,2,3,4,5,6,7,8,9,10,13,14,11,12,15,16,17,18,19,20",38.329878638894414,2.9828855233176235,0.9809486605378399
LB_Gyr_Magnitude,neuro,LB_Gyr_Magnitude_max_angular_acceleration,0.6676636094220257,2,20,"1,2,3,4,5,6,7,8,9,10,13,14,11,12,15,16,17,18,19,20",7940.569162125062,223.53305990030827,163.57478945453735
LB_Gyr_Magnitude,neuro,LB_Gyr_Magnitude_std_angular_acceleration,0.57941507549886,2,20,"1,2,3,4,5,6,7,8,9,10,13,14,11,12,15,16,17,18,19,20",136.9289074758862,6.814483699780263,2.9134124559126033
LB_Gyr_Magnitude,ortho,LB_Gyr_Magnitude_avg_stride_time,-0.08527814203037985,2,9,"1,2,3,4,5,6,7,8,9",0.0011497868850648988,0.004068098174826358,0.004004093794783624
LB_Gyr_Magnitude,ortho,LB_Gyr_Magnitude_max_stride_time,0.37978113368548094,2,9,"1,2,3,4,5,6,7,8,9",3.6090888888888895,0.4550750000000001,0.6271138888888885
LB_Gyr_Magnitude,ortho,LB_Gyr_Magnitude_std_stride_time,0.3961788963859312,2,9,"1,2,3,4,5,6,7,8,9",0.09796562760781591,0.01157048183008638,0.01614236914866122
LB_Gyr_Magnitude,ortho,LB_Gyr_Magnitude_u_turn_time,0.38182179601474636,2,9,"1,2,3,4,5,6,7,8,9",6.968888888888894,0.5729597222222219,1.4225263888888877
LB_Gyr_Magnitude,ortho,LB_Gyr_Magnitude_gait_cadence,-0.14473405428404107,2,9,"1,2,3,4,5,6,7,8,9",0.00013357823054614004,0.00746423040797018,0.01016229414233075
LB_Gyr_Magnitude,ortho,LB_Gyr_Magnitude_avg_angular_velocity_peak,0.3570758958771496,2,9,"1,2,3,4,5,6,7,8,9",0.4703807985248045,0.01652249515372818,0.12262171566244433
LB_Gyr_Magnitude,ortho,LB_Gyr_Magnitude_max_angular_velocity_peak,0.3648399404521727,2,9,"1,2,3,4,5,6,7,8,9",1.536867323744925,0.12515729438052692,0.33847009678767703
LB_Gyr_Magnitude,ortho,LB_Gyr_Magnitude_std_angular_velocity_peak,0.3496336987531946,2,9,"1,2,3,4,5,6,7,8,9",0.17155880697459785,0.01264904522902061,0.04122585366874015
LB_Gyr_Magnitude,ortho,LB_Gyr_Magnitude_avg_angular_acceleration,0.49382423378791657,2,9,"1,2,3,4,5,6,7,8,9",9.188381589308056,0.4510435597633971,1.3372831374182184
LB_Gyr_Magnitude,ortho,LB_Gyr_Magnitude_max_angular_acceleration,0.5859880619876257,2,9,"1,2,3,4,5,6,7,8,9",687.6689937448994,54.10512887946354,46.552867801157866
LB_Gyr_Magnitude,ortho,LB_Gyr_Magnitude_std_angular_acceleration,0.5573356409551599,2,9,"1,2,3,4,5,6,7,8,9",20.2704190645503,0.8749081068984911,2.297343501063489
LF_FreeAcc_Magnitude,all,LF_FreeAcc_Magnitude_avg_stride_time,0.896697214725761,2,24,"1,2,3,4,5,6,7,8,9,10,14,13,12,11,15,16,17,18,19,20,21,22,23,24",0.15652494523812488,0.0006595898673935868,0.00083508009515689
LF_FreeAcc_Magnitude,all,LF_FreeAcc_Magnitude_max_stride_time,0.3133017819565334,2,24,"1,2,3,4,5,6,7,8,9,10,14,13,12,11,15,16,17,18,19,20,21,22,23,24",3.2447999999999997,0.27215181159420293,0.2710130434782609
LF_FreeAcc_Magnitude,all,LF_FreeAcc_Magnitude_std_stride_time,0.4134344095619881,2,24,"1,2,3,4,5,6,7,8,9,10,14,13,12,11,15,16,17,18,19,20,21,22,23,24",0.09750066785301756,0.00538500878334511,0.005493074688706563
LF_FreeAcc_Magnitude,all,LF_FreeAcc_Magnitude_u_turn_time,0.3422259791490562,2,24,"1,2,3,4,5,6,7,8,9,10,14,13,12,11,15,16,17,18,19,20,21,22,23,24",1.3500520833333338,0.10499338768115947,0.0958868659420289
LF_FreeAcc_Magnitude,all,LF_FreeAcc_Magnitude_gait_cadence,0.8093182259722581,2,24,"1,2,3,4,5,6,7,8,9,10,14,13,12,11,15,16,17,18,19,20,21,22,23,24",0.43426514302211483,0.003922620746797965,0.004515088524048138
LF_FreeAcc_Magnitude,all,LF_FreeAcc_Magnitude_avg_acceleration_peak,-0.03430787530452127,2,24,"1,2,3,4,5,6,7,8,9,10,14,13,12,11,15,16,17,18,19,20,21,22,23,24",0.22338800866715894,0.7617730880086314,0.8748121944992076
LF_FreeAcc_Magnitude,all,LF_FreeAcc_Magnitude_max_acceleration_peak,0.14469673267565222,2,24,"1,2,3,4,5,6,7,8,9,10,14,13,12,11,15,16,17,18,19,20,21,22,23,24",238.42581276162883,60.9367829866492,37.85912589140923
LF_FreeAcc_Magnitude,all,LF_FreeAcc_Magnitude_std_acceleration_peak,-0.0028647222157194337,2,24,"1,2,3,4,5,6,7,8,9,10,14,13,12,11,15,16,17,18,19,20,21,22,23,24",0.939100100858622,1.4849691971289931,1.025142898764587
LF_FreeAcc_Magnitude,all,LF_FreeAcc_Magnitude_avg_jerk,-0.031754933522084576,2,24,"1,2,3,4,5,6,7,8,9,10,14,13,12,11,15,16,17,18,19,20,21,22,23,24",78.26961263399389,476.92718949630785,403.40291281892814
LF_FreeAcc_Magnitude,all,LF_FreeAcc_Magnitude_max_jerk,0.05625185837045761,2,24,"1,2,3,4,5,6,7,8,9,10,14,13,12,11,15,16,17,18,19,20,21,22,23,24",200326.59049625287,99844.05951442165,75156.3517583306
LF_FreeAcc_Magnitude,all,LF_FreeAcc_Magnitude_std_jerk,0.023783162451922985,2,24,"1,2,3,4,5,6,7,8,9,10,14,13,12,11,15,16,17,18,19,20,21,22,23,24",2036.3178809571996,1912.8922349035927,1142.94180408556
LF_FreeAcc_Magnitude,healthy,LF_FreeAcc_Magnitude_avg_stride_time,0.9304282968770216,2,10,"1,2,3,4,5,6,7,8,9,10",0.13839812342315364,0.00046760841096789237,0.0015784975436839916
LF_FreeAcc_Magnitude,healthy,LF_FreeAcc_Magnitude_max_stride_time,0.5568115714173415,2,10,"1,2,3,4,5,6,7,8,9,10",2.7751250000000005,0.18987166666666663,0.2173027777777778
LF_FreeAcc_Magnitude,healthy,LF_FreeAcc_Magnitude_std_stride_time,0.437093676537258,2,10,"1,2,3,4,5,6,7,8,9,10",0.0409867115227687,0.0036197585379777694,0.0055162824859655325
LF_FreeAcc_Magnitude,healthy,LF_FreeAcc_Magnitude_u_turn_time,0.528050997023418,2,10,"1,2,3,4,5,6,7,8,9,10",1.8666050000000012,0.10253833333333336,0.19607166666666645
LF_FreeAcc_Magnitude,healthy,LF_FreeAcc_Magnitude_gait_cadence,0.938556833215753,2,10,"1,2,3,4,5,6,7,8,9,10",0.3642996636863728,0.0010440379573730578,0.003677628135138478
LF_FreeAcc_Magnitude,healthy,LF_FreeAcc_Magnitude_avg_acceleration_peak,0.8266965456240277,2,10,"1,2,3,4,5,6,7,8,9,10",26.803328490068502,0.6013675226249267,0.501387126404482
LF_FreeAcc_Magnitude,healthy,LF_FreeAcc_Magnitude_max_acceleration_peak,0.9275471776309766,2,10,"1,2,3,4,5,6,7,8,9,10",1314.8123381390378,15.380772717716834,5.080455292547589
LF_FreeAcc_Magnitude,healthy,LF_FreeAcc_Magnitude_std_acceleration_peak,0.8835316829557043,2,10,"1,2,3,4,5,6,7,8,9,10",40.46639269833289,0.6952905521194304,0.3620314546175206
LF_FreeAcc_Magnitude,healthy,LF_FreeAcc_Magnitude_avg_jerk,0.9494480905155204,2,10,"1,2,3,4,5,6,7,8,9,10",16039.145737746976,79.70757271672008,90.12862527871575
LF_FreeAcc_Magnitude,healthy,LF_FreeAcc_Magnitude_max_jerk,0.9196234674468975,2,10,"1,2,3,4,5,6,7,8,9,10",1701202.988067664,14074.97336573476,15393.504897127743
LF_FreeAcc_Magnitude,healthy,LF_FreeAcc_Magnitude_std_jerk,0.9662339136141195,2,10,"1,2,3,4,5,6,7,8,9,10",55478.246266305105,143.13549448837207,242.91614418367539
LF_FreeAcc_Magnitude,neuro,LF_FreeAcc_Magnitude_avg_stride_time,0.6280316724348102,2,20,"1,2,3,4,5,6,7,8,9,10,13,14,11,12,15,16,17,18,19,20",0.03957014487991608,0.0007899218070444314,0.001466846564847626
LF_FreeAcc_Magnitude,neuro,LF_FreeAcc_Magnitude_max_stride_time,-0.035117554068994444,2,20,"1,2,3,4,5,6,7,8,9,10,13,14,11,12,15,16,17,18,19,20",0.1452025000000012,0.4244130263157895,0.4376761842105264
LF_FreeAcc_Magnitude,neuro,LF_FreeAcc_Magnitude_std_stride_time,-0.0493997738386944,2,20,"1,2,3,4,5,6,7,8,9,10,13,14,11,12,15,16,17,18,19,20",1.1925662652279054e-05,0.01040260175178015,0.009275040776938514
LF_FreeAcc_Magnitude,neuro,LF_FreeAcc_Magnitude_u_turn_time,0.2742896923263524,2,20,"1,2,3,4,5,6,7,8,9,10,13,14,11,12,15,16,17,18,19,20",1.31769,0.12723684210526312,0.1750742105263158
LF_FreeAcc_Magnitude,neuro,LF_FreeAcc_Magnitude_gait_cadence,0.46762370496254907,2,20,"1,2,3,4,5,6,7,8,9,10,13,14,11,12,15,16,17,18,19,20",0.11221842131433102,0.005152369575817074,0.006844187408728296
LF_FreeAcc_Magnitude,neuro,LF_FreeAcc_Magnitude_avg_acceleration_peak,0.20775420708610948,2,20,"1,2,3,4,5,6,7,8,9,10,13,14,11,12,15,16,17,18,19,20",4.805399753073843,0.9040118390782431,0.672152507768736
LF_FreeAcc_Magnitude,neuro,LF_FreeAcc_Magnitude_max_acceleration_peak,0.4634458701167378,2,20,"1,2,3,4,5,6,7,8,9,10,13,14,11,12,15,16,17,18,19,20",1057.7711903397585,64.21891794604366,52.20091042374985
LF_FreeAcc_Magnitude,neuro,LF_FreeAcc_Magnitude_std_acceleration_peak,0.5243353593087929,2,20,"1,2,3,4,5,6,7,8,9,10,13,14,11,12,15,16,17,18,19,20",29.625267737379648,1.6119819487271347,0.9860959976523107
LF_FreeAcc_Magnitude,neuro,LF_FreeAcc_Magnitude_avg_jerk,0.3246072833593414,2,20,"1,2,3,4,5,6,7,8,9,10,13,14,11,12,15,16,17,18,19,20",5787.351207461171,688.2400068286472,427.04892942441313
LF_FreeAcc_Magnitude,neuro,LF_FreeAcc_Magnitude_max_jerk,0.2044005615158771,2,20,"1,2,3,4,5,6,7,8,9,10,13,14,11,12,15,16,17,18,19,20",747300.3521253337,178774.11451543088,80693.06903133194
LF_FreeAcc_Magnitude,neuro,LF_FreeAcc_Magnitude_std_jerk,0.3828317102005259,2,20,"1,2,3,4,5,6,7,8,9,10,13,14,11,12,15,16,17,18,19,20",25972.365001549515,2642.1709958845345,1330.3950320003166
LF_FreeAcc_Magnitude,ortho,LF_FreeAcc_Magnitude_avg_stride_time,-0.08527814203037985,2,9,"1,2,3,4,5,6,7,8,9",0.0011497868850648988,0.004068098174826358,0.004004093794783624
LF_FreeAcc_Magnitude,ortho,LF_FreeAcc_Magnitude_max_stride_time,0.37978113368548094,2,9,"1,2,3,4,5,6,7,8,9",3.6090888888888895,0.4550750000000001,0.6271138888888885
LF_FreeAcc_Magnitude,ortho,LF_FreeAcc_Magnitude_std_stride_time,0.3961788963859312,2,9,"1,2,3,4,5,6,7,8,9",0.09796562760781591,0.01157048183008638,0.01614236914866122
LF_FreeAcc_Magnitude,ortho,LF_FreeAcc_Magnitude_u_turn_time,0.38182179601474636,2,9,"1,2,3,4,5,6,7,8,9",6.968888888888894,0.5729597222222219,1.4225263888888877
LF_FreeAcc_Magnitude,ortho,LF_FreeAcc_Magnitude_gait_cadence,-0.14473405428404107,2,9,"1,2,3,4,5,6,7,8,9",0.00013357823054614004,0.00746423040797018,0.01016229414233075
LF_FreeAcc_Magnitude,ortho,LF_FreeAcc_Magnitude_avg_acceleration_peak,0.3109460783909746,2,9,"1,2,3,4,5,6,7,8,9",1.2605959419504558,0.07484750359857492,0.36579204785954367
LF_FreeAcc_Magnitude,ortho,LF_FreeAcc_Magnitude_max_acceleration_peak,0.1487474930752662,2,9,"1,2,3,4,5,6,7,8,9",76.27635999602,8.637248844439176,38.89803400523394
LF_FreeAcc_Magnitude,ortho,LF_FreeAcc_Magnitude_std_acceleration_peak,-0.1778181831514985,2,9,"1,2,3,4,5,6,7,8,9",0.11428606411262943,0.17876112447342501,0.7352300711299748
LF_FreeAcc_Magnitude,ortho,LF_FreeAcc_Magnitude_avg_jerk,-0.18947163561812255,2,9,"1,2,3,4,5,6,7,8,9",0.9778982287237107,58.38587236420814,151.23761942772296
LF_FreeAcc_Magnitude,ortho,LF_FreeAcc_Magnitude_max_jerk,-0.06160548256389528,2,9,"1,2,3,4,5,6,7,8,9",26628.67295759476,28585.431677907367,46143.061640544445
LF_FreeAcc_Magnitude,ortho,LF_FreeAcc_Magnitude_std_jerk,-0.0749327246481523,2,9,"1,2,3,4,5,6,7,8,9",254.57492322090863,237.91093179947524,479.67577510774737
LF_Gyr_Magnitude,all,LF_Gyr_Magnitude_avg_stride_time,0.896697214725761,2,24,"1,2,3,4,5,6,7,8,9,10,14,13,12,11,15,16,17,18,19,20,21,22,23,24",0.15652494523812488,0.0006595898673935868,0.00083508009515689
LF_Gyr_Magnitude,all,LF_Gyr_Magnitude_max_stride_time,0.3133017819565334,2,24,"1,2,3,4,5,6,7,8,9,10,14,13,12,11,15,16,17,18,19,20,21,22,23,24",3.2447999999999997,0.27215181159420293,0.2710130434782609
LF_Gyr_Magnitude,all,LF_Gyr_Magnitude_std_stride_time,0.4134344095619881,2,24,"1,2,3,4,5,6,7,8,9,10,14,13,12,11,15,16,17,18,19,20,21,22,23,24",0.09750066785301756,0.00538500878334511,0.005493074688706563
LF_Gyr_Magnitude,all,LF_Gyr_Magnitude_u_turn_time,0.3422259791490562,2,24,"1,2,3,4,5,6,7,8,9,10,14,13,12,11,15,16,17,18,19,20,21,22,23,24",1.3500520833333338,0.10499338768115947,0.0958868659420289
LF_Gyr_Magnitude,all,LF_Gyr_Magnitude_gait_cadence,0.8093182259722581,2,24,"1,2,3,4,5,6,7,8,9,10,14,13,12,11,15,16,17,18,19,20,21,22,23,24",0.43426514302211483,0.003922620746797965,0.004515088524048138
LF_Gyr_Magnitude,all,LF_Gyr_Magnitude_avg_angular_velocity_peak,0.5952150249703212,2,24,"1,2,3,4,5,6,7,8,9,10,14,13,12,11,15,16,17,18,19,20,21,22,23,24",2.6861782761932114,0.049570780931661715,0.09715460911826676
LF_Gyr_Magnitude,all,LF_Gyr_Magnitude_max_angular_velocity_peak,-0.03116308291100903,2,24,"1,2,3,4,5,6,7,8,9,10,14,13,12,11,15,16,17,18,19,20,21,22,23,24",0.8669416069274681,1.346397608247784,2.1263542885989457
LF_Gyr_Magnitude,all,LF_Gyr_Magnitude_std_angular_velocity_peak,0.6548708573611945,2,24,"1,2,3,4,5,6,7,8,9,10,14,13,12,11,15,16,17,18,19,20,21,22,23,24",1.4046822897012572,0.0268537358603551,0.03337177975948139
LF_Gyr_Magnitude,all,LF_Gyr_Magnitude_avg_angular_acceleration,0.06329495958216201,2,24,"1,2,3,4,5,6,7,8,9,10,14,13,12,11,15,16,17,18,19,20,21,22,23,24",38.55064454541898,4.793764950360229,19.14200935723444
LF_Gyr_Magnitude,all,LF_Gyr_Magnitude_max_angular_acceleration,0.004298421829264102,2,24,"1,2,3,4,5,6,7,8,9,10,14,13,12,11,15,16,17,18,19,20,21,22,23,24",1677.4341259536316,1640.0473494847263,1514.0405863772248
LF_Gyr_Magnitude,all,LF_Gyr_Magnitude_std_angular_acceleration,0.01127733038417603,2,24,"1,2,3,4,5,6,7,8,9,10,14,13,12,11,15,16,17,18,19,20,21,22,23,24",49.11138268195876,19.992761510931977,40.79171905204802
LF_Gyr_Magnitude,healthy,LF_Gyr_Magnitude_avg_stride_time,0.9304282968770216,2,10,"1,2,3,4,5,6,7,8,9,10",0.13839812342315364,0.00046760841096789237,0.0015784975436839916
LF_Gyr_Magnitude,healthy,LF_Gyr_Magnitude_max_stride_time,0.5568115714173415,2,10,"1,2,3,4,5,6,7,8,9,10",2.7751250000000005,0.18987166666666663,0.2173027777777778
LF_Gyr_Magnitude,healthy,LF_Gyr_Magnitude_std_stride_time,0.437093676537258,2,10,"1,2,3,4,5,6,7,8,9,10",0.0409867115227687,0.0036197585379777694,0.0055162824859655325
LF_Gyr_Magnitude,healthy,LF_Gyr_Magnitude_u_turn_time,0.528050997023418,2,10,"1,2,3,4,5,6,7,8,9,10",1.8666050000000012,0.10253833333333336,0.19607166666666645
LF_Gyr_Magnitude,healthy,LF_Gyr_Magnitude_gait_cadence,0.938556833215753,2,10,"1,2,3,4,5,6,7,8,9,10",0.3642996636863728,0.0010440379573730578,0.003677628135138478
LF_Gyr_Magnitude,healthy,LF_Gyr_Magnitude_avg_angular_velocity_peak,0.9099589662180068,2,10,"1,2,3,4,5,6,7,8,9,10",4.753354228725495,0.03619990228291919,0.056746576400914246
LF_Gyr_Magnitude,healthy,LF_Gyr_Magnitude_max_angular_velocity_peak,0.16697510137907487,2,10,"1,2,3,4,5,6,7,8,9,10",2.6206512889926357,1.1267739396122216,0.7448597087900253
LF_Gyr_Magnitude,healthy,LF_Gyr_Magnitude_std_angular_velocity_peak,0.7249155420796545,2,10,"1,2,3,4,5,6,7,8,9,10",0.7363160057111049,0.018991065659376125,0.034288738416815484
LF_Gyr_Magnitude,healthy,LF_Gyr_Magnitude_avg_angular_acceleration,0.6429977182302503,2,10,"1,2,3,4,5,6,7,8,9,10",191.1505400242929,8.600967979804613,11.363177137424058
LF_Gyr_Magnitude,healthy,LF_Gyr_Magnitude_max_angular_acceleration,0.4828720769716245,2,10,"1,2,3,4,5,6,7,8,9,10",13393.854535037983,1492.6734988809646,1133.3780199239518
LF_Gyr_Magnitude,healthy,LF_Gyr_Magnitude_std_angular_acceleration,0.5669606203519126,2,10,"1,2,3,4,5,6,7,8,9,10",365.97681930613675,19.683923613341552,31.422055275987304
LF_Gyr_Magnitude,neuro,LF_Gyr_Magnitude_avg_stride_time,0.6280316724348102,2,20,"1,2,3,4,5,6,7,8,9,10,13,14,11,12,15,16,17,18,19,20",0.03957014487991608,0.0007899218070444314,0.001466846564847626
LF_Gyr_Magnitude,neuro,LF_Gyr_Magnitude_max_stride_time,-0.035117554068994444,2,20,"1,2,3,4,5,6,7,8,9,10,13,14,11,12,15,16,17,18,19,20",0.1452025000000012,0.4244130263157895,0.4376761842105264
LF_Gyr_Magnitude,neuro,LF_Gyr_Magnitude_std_stride_time,-0.0493997738386944,2,20,"1,2,3,4,5,6,7,8,9,10,13,14,11,12,15,16,17,18,19,20",1.1925662652279054e-05,0.01040260175178015,0.009275040776938514
LF_Gyr_Magnitude,neuro,LF_Gyr_Magnitude_u_turn_time,0.2742896923263524,2,20,"1,2,3,4,5,6,7,8,9,10,13,14,11,12,15,16,17,18,19,20",1.31769,0.12723684210526312,0.1750742105263158
LF_Gyr_Magnitude,neuro,LF_Gyr_Magnitude_gait_cadence,0.46762370496254907,2,20,"1,2,3,4,5,6,7,8,9,10,13,14,11,12,15,16,17,18,19,20",0.11221842131433102,0.005152369575817074,0.006844187408728296
LF_Gyr_Magnitude,neuro,LF_Gyr_Magnitude_avg_angular_velocity_peak,0.38498676538977405,2,20,"1,2,3,4,5,6,7,8,9,10,13,14,11,12,15,16,17,18,19,20",1.1319559611484635,0.07236855865270589,0.09352064129207396
LF_Gyr_Magnitude,neuro,LF_Gyr_Magnitude_max_angular_velocity_peak,0.027740558024858007,2,20,"1,2,3,4,5,6,7,8,9,10,13,14,11,12,15,16,17,18,19,20",3.291835825816989,1.5764271640187302,2.2111595681948133
LF_Gyr_Magnitude,neuro,LF_Gyr_Magnitude_std_angular_velocity_peak,0.4241315821012494,2,20,"1,2,3,4,5,6,7,8,9,10,13,14,11,12,15,16,17,18,19,20",0.6082145734408071,0.04173852179767477,0.035959868402982195
LF_Gyr_Magnitude,neuro,LF_Gyr_Magnitude_avg_angular_acceleration,-0.06577421203744016,2,20,"1,2,3,4,5,6,7,8,9,10,13,14,11,12,15,16,17,18,19,20",0.1050245397410755,7.850672197227091,12.929498270475227
LF_Gyr_Magnitude,neuro,LF_Gyr_Magnitude_max_angular_acceleration,-0.033053459032129626,2,20,"1,2,3,4,5,6,7,8,9,10,13,14,11,12,15,16,17,18,19,20",448.3826521293969,1524.0707017983352,1376.4204462811254
LF_Gyr_Magnitude,neuro,LF_Gyr_Magnitude_std_angular_acceleration,-0.04905531422536606,2,20,"1,2,3,4,5,6,7,8,9,10,13,14,11,12,15,16,17,18,19,20",5.902953293698885,24.805629409161654,32.87543880053738
LF_Gyr_Magnitude,ortho,LF_Gyr_Magnitude_avg_stride_time,-0.08527814203037985,2,9,"1,2,3,4,5,6,7,8,9",0.0011497868850648988,0.004068098174826358,0.004004093794783624
LF_Gyr_Magnitude,ortho,LF_Gyr_Magnitude_max_stride_time,0.37978113368548094,2,9,"1,2,3,4,5,6,7,8,9",3.6090888888888895,0.4550750000000001,0.6271138888888885
LF_Gyr_Magnitude,ortho,LF_Gyr_Magnitude_std_stride_time,0.3961788963859312,2,9,"1,2,3,4,5,6,7,8,9",0.09796562760781591,0.01157048183008638,0.01614236914866122
LF_Gyr_Magnitude,ortho,LF_Gyr_Magnitude_u_turn_time,0.38182179601474636,2,9,"1,2,3,4,5,6,7,8,9",6.968888888888894,0.5729597222222219,1.4225263888888877
LF_Gyr_Magnitude,ortho,LF_Gyr_Magnitude_gait_cadence,-0.14473405428404107,2,9,"1,2,3,4,5,6,7,8,9",0.00013357823054614004,0.00746423040797018,0.01016229414233075
LF_Gyr_Magnitude,ortho,LF_Gyr_Magnitude_avg_angular_velocity_peak,0.43185554300792073,2,9,"1,2,3,4,5,6,7,8,9",0.7156591250722658,0.02083984890807851,0.1457692462821647
LF_Gyr_Magnitude,ortho,LF_Gyr_Magnitude_max_angular_velocity_peak,-0.061565356315091864,2,9,"1,2,3,4,5,6,7,8,9",0.6215274201628631,1.1589105307210745,1.2502673478223059
LF_Gyr_Magnitude,ortho,LF_Gyr_Magnitude_std_angular_velocity_peak,-0.11837072753328574,2,9,"1,2,3,4,5,6,7,8,9",0.011467497128946475,0.022712404903073625,0.04255247774412514
LF_Gyr_Magnitude,ortho,LF_Gyr_Magnitude_avg_angular_acceleration,0.0913439701802052,2,9,"1,2,3,4,5,6,7,8,9",15.702257483060887,5.1038440919370105,9.221785858658485
LF_Gyr_Magnitude,ortho,LF_Gyr_Magnitude_max_angular_acceleration,-0.1489004451378286,2,9,"1,2,3,4,5,6,7,8,9",143.895805316487,1134.3997995157983,1932.6131852639733
LF_Gyr_Magnitude,ortho,LF_Gyr_Magnitude_std_angular_acceleration,-0.00039310765584569943,2,9,"1,2,3,4,5,6,7,8,9",17.713283909036615,8.777120939604954,17.760209587274453
RF_FreeAcc_Magnitude,all,RF_FreeAcc_Magnitude_avg_stride_time,0.896697214725761,2,24,"1,2,3,4,5,6,7,8,9,10,14,13,12,11,15,16,17,18,19,20,21,22,23,24",0.15652494523812488,0.0006595898673935868,0.00083508009515689
RF_FreeAcc_Magnitude,all,RF_FreeAcc_Magnitude_max_stride_time,0.3133017819565334,2,24,"1,2,3,4,5,6,7,8,9,10,14,13,12,11,15,16,17,18,19,20,21,22,23,24",3.2447999999999997,0.27215181159420293,0.2710130434782609
RF_FreeAcc_Magnitude,all,RF_FreeAcc_Magnitude_std_stride_time,0.4134344095619881,2,24,"1,2,3,4,5,6,7,8,9,10,14,13,12,11,15,16,17,18,19,20,21,22,23,24",0.09750066785301756,0.00538500878334511,0.005493074688706563
RF_FreeAcc_Magnitude,all,RF_FreeAcc_Magnitude_u_turn_time,0.3422259791490562,2,24,"1,2,3,4,5,6,7,8,9,10,14,13,12,11,15,16,17,18,19,20,21,22,23,24",1.3500520833333338,0.10499338768115947,0.0958868659420289
RF_FreeAcc_Magnitude,all,RF_FreeAcc_Magnitude_gait_cadence,0.8093182259722581,2,24,"1,2,3,4,5,6,7,8,9,10,14,13,12,11,15,16,17,18,19,20,21,22,23,24",0.43426514302211483,0.003922620746797965,0.004515088524048138
RF_FreeAcc_Magnitude,all,RF_FreeAcc_Magnitude_avg_acceleration_peak,0.7802063156847568,2,24,"1,2,3,4,5,6,7,8,9,10,14,13,12,11,15,16,17,18,19,20,21,22,23,24",56.08431563560697,0.6321519261556648,0.6687842875961474
RF_FreeAcc_Magnitude,all,RF_FreeAcc_Magnitude_max_acceleration_peak,0.11318266801045926,2,24,"1,2,3,4,5,6,7,8,9,10,14,13,12,11,15,16,17,18,19,20,21,22,23,24",229.73429658027587,52.08925815630009,59.23589650870865
RF_FreeAcc_Magnitude,all,RF_FreeAcc_Magnitude_std_acceleration_peak,0.29995693172529525,2,24,"1,2,3,4,5,6,7,8,9,10,14,13,12,11,15,16,17,18,19,20,21,22,23,24",10.846700654621031,0.9146082042850026,1.0003522503631488
RF_FreeAcc_Magnitude,all,RF_FreeAcc_Magnitude_avg_jerk,0.3974705437423123,2,24,"1,2,3,4,5,6,7,8,9,10,14,13,12,11,15,16,17,18,19,20,21,22,23,24",6127.894179225181,328.9847412825986,395.202209914649
RF_FreeAcc_Magnitude,all,RF_FreeAcc_Magnitude_max_jerk,-0.0034291760309081948,2,24,"1,2,3,4,5,6,7,8,9,10,14,13,12,11,15,16,17,18,19,20,21,22,23,24",91303.99188760846,108283.6380884038,99838.99354307001
RF_FreeAcc_Magnitude,all,RF_FreeAcc_Magnitude_std_jerk,0.14051560738607038,2,24,"1,2,3,4,5,6,7,8,9,10,14,13,12,11,15,16,17,18,19,20,21,22,23,24",9675.013478929062,1709.1795396212167,2134.417533021053
RF_FreeAcc_Magnitude,healthy,RF_FreeAcc_Magnitude_avg_stride_time,0.9304282968770216,2,10,"1,2,3,4,5,6,7,8,9,10",0.13839812342315364,0.00046760841096789237,0.0015784975436839916
RF_FreeAcc_Magnitude,healthy,RF_FreeAcc_Magnitude_max_stride_time,0.5568115714173415,2,10,"1,2,3,4,5,6,7,8,9,10",2.7751250000000005,0.18987166666666663,0.2173027777777778
RF_FreeAcc_Magnitude,healthy,RF_FreeAcc_Magnitude_std_stride_time,0.437093676537258,2,10,"1,2,3,4,5,6,7,8,9,10",0.0409867115227687,0.0036197585379777694,0.0055162824859655325
RF_FreeAcc_Magnitude,healthy,RF_FreeAcc_Magnitude_u_turn_time,0.528050997023418,2,10,"1,2,3,4,5,6,7,8,9,10",1.8666050000000012,0.10253833333333336,0.19607166666666645
RF_FreeAcc_Magnitude,healthy,RF_FreeAcc_Magnitude_gait_cadence,0.938556833215753,2,10,"1,2,3,4,5,6,7,8,9,10",0.3642996636863728,0.0010440379573730578,0.003677628135138478
RF_FreeAcc_Magnitude,healthy,RF_FreeAcc_Magnitude_avg_acceleration_peak,0.9616659629470402,2,10,"1,2,3,4,5,6,7,8,9,10",82.22245039755798,0.27119708522411384,0.3812753444600767
RF_FreeAcc_Magnitude,healthy,RF_FreeAcc_Magnitude_max_acceleration_peak,0.9012366010953473,2,10,"1,2,3,4,5,6,7,8,9,10",1305.511301668739,9.86901979171475,18.34225999128657
RF_FreeAcc_Magnitude,healthy,RF_FreeAcc_Magnitude_std_acceleration_peak,0.9668758240302976,2,10,"1,2,3,4,5,6,7,8,9,10",86.0616404655522,0.23580398863941715,0.35146458868525676
RF_FreeAcc_Magnitude,healthy,RF_FreeAcc_Magnitude_avg_jerk,0.9634454289009502,2,10,"1,2,3,4,5,6,7,8,9,10",28421.681493844364,116.74113588342286,98.18608173731049
RF_FreeAcc_Magnitude,healthy,RF_FreeAcc_Magnitude_max_jerk,0.9115075114562531,2,10,"1,2,3,4,5,6,7,8,9,10",1991992.7231943812,23816.95755456708,14577.976038328845
RF_FreeAcc_Magnitude,healthy,RF_FreeAcc_Magnitude_std_jerk,0.9563350147828104,2,10,"1,2,3,4,5,6,7,8,9,10",83965.45017913099,447.9871104354902,315.87853348033195
RF_FreeAcc_Magnitude,neuro,RF_FreeAcc_Magnitude_avg_stride_time,0.6280316724348102,2,20,"1,2,3,4,5,6,7,8,9,10,13,14,11,12,15,16,17,18,19,20",0.03957014487991608,0.0007899218070444314,0.001466846564847626
RF_FreeAcc_Magnitude,neuro,RF_FreeAcc_Magnitude_max_stride_time,-0.035117554068994444,2,20,"1,2,3,4,5,6,7,8,9,10,13,14,11,12,15,16,17,18,19,20",0.1452025000000012,0.4244130263157895,0.4376761842105264
RF_FreeAcc_Magnitude,neuro,RF_FreeAcc_Magnitude_std_stride_time,-0.0493997738386944,2,20,"1,2,3,4,5,6,7,8,9,10,13,14,11,12,15,16,17,18,19,20",1.1925662652279054e-05,0.01040260175178015,0.009275040776938514
RF_FreeAcc_Magnitude,neuro,RF_FreeAcc_Magnitude_u_turn_time,0.2742896923263524,2,20,"1,2,3,4,5,6,7,8,9,10,13,14,11,12,15,16,17,18,19,20",1.31769,0.12723684210526312,0.1750742105263158
RF_FreeAcc_Magnitude,neuro,RF_FreeAcc_Magnitude_gait_cadence,0.46762370496254907,2,20,"1,2,3,4,5,6,7,8,9,10,13,14,11,12,15,16,17,18,19,20",0.11221842131433102,0.005152369575817074,0.006844187408728296
RF_FreeAcc_Magnitude,neuro,RF_FreeAcc_Magnitude_avg_acceleration_peak,0.020351874249727314,2,20,"1,2,3,4,5,6,7,8,9,10,13,14,11,12,15,16,17,18,19,20",2.2711777434023115,0.6887579376884052,1.7620336794034235
RF_FreeAcc_Magnitude,neuro,RF_FreeAcc_Magnitude_max_acceleration_peak,0.3109682471396857,2,20,"1,2,3,4,5,6,7,8,9,10,13,14,11,12,15,16,17,18,19,20",763.1603165788521,110.59802193804744,47.889088179414486
RF_FreeAcc_Magnitude,neuro,RF_FreeAcc_Magnitude_std_acceleration_peak,0.12474886592211017,2,20,"1,2,3,4,5,6,7,8,9,10,13,14,11,12,15,16,17,18,19,20",4.866698550038574,0.8348847147238825,1.5160003227527592
RF_FreeAcc_Magnitude,neuro,RF_FreeAcc_Magnitude_avg_jerk,0.17504085087980525,2,20,"1,2,3,4,5,6,7,8,9,10,13,14,11,12,15,16,17,18,19,20",2743.7941095418073,654.0332414691305,434.3817472525649
RF_FreeAcc_Magnitude,neuro,RF_FreeAcc_Magnitude_max_jerk,0.10266809466521495,2,20,"1,2,3,4,5,6,7,8,9,10,13,14,11,12,15,16,17,18,19,20",445025.3765154184,264256.0062315547,66542.62327944727
RF_FreeAcc_Magnitude,neuro,RF_FreeAcc_Magnitude_std_jerk,0.19640936644366336,2,20,"1,2,3,4,5,6,7,8,9,10,13,14,11,12,15,16,17,18,19,20",17006.948132268015,4402.03791822224,1814.0108835099643
RF_FreeAcc_Magnitude,ortho,RF_FreeAcc_Magnitude_avg_stride_time,-0.08527814203037985,2,9,"1,2,3,4,5,6,7,8,9",0.0011497868850648988,0.004068098174826358,0.004004093794783624
RF_FreeAcc_Magnitude,ortho,RF_FreeAcc_Magnitude_max_stride_time,0.37978113368548094,2,9,"1,2,3,4,5,6,7,8,9",3.6090888888888895,0.4550750000000001,0.6271138888888885
RF_FreeAcc_Magnitude,ortho,RF_FreeAcc_Magnitude_std_stride_time,0.3961788963859312,2,9,"1,2,3,4,5,6,7,8,9",0.09796562760781591,0.01157048183008638,0.01614236914866122
RF_FreeAcc_Magnitude,ortho,RF_FreeAcc_Magnitude_u_turn_time,0.38182179601474636,2,9,"1,2,3,4,5,6,7,8,9",6.968888888888894,0.5729597222222219,1.4225263888888877
RF_FreeAcc_Magnitude,ortho,RF_FreeAcc_Magnitude_gait_cadence,-0.14473405428404107,2,9,"1,2,3,4,5,6,7,8,9",0.00013357823054614004,0.00746423040797018,0.01016229414233075
RF_FreeAcc_Magnitude,ortho,RF_FreeAcc_Magnitude_avg_acceleration_peak,0.18848476043104945,2,9,"1,2,3,4,5,6,7,8,9",2.6194387188807173,0.34159064167444314,1.106216362237555
RF_FreeAcc_Magnitude,ortho,RF_FreeAcc_Magnitude_max_acceleration_peak,-0.0969186537400905,2,9,"1,2,3,4,5,6,7,8,9",10.720307458246136,12.101341472700744,25.783149451908955
RF_FreeAcc_Magnitude,ortho,RF_FreeAcc_Magnitude_std_acceleration_peak,0.28656453608352106,2,9,"1,2,3,4,5,6,7,8,9",3.203639099717687,0.5119833607390556,0.8114758307522585
RF_FreeAcc_Magnitude,ortho,RF_FreeAcc_Magnitude_avg_jerk,0.031897246201895706,2,9,"1,2,3,4,5,6,7,8,9",158.9519513663851,113.15653017449453,123.81666672087498
RF_FreeAcc_Magnitude,ortho,RF_FreeAcc_Magnitude_max_jerk,-0.14680413465633327,2,9,"1,2,3,4,5,6,7,8,9",204.6461401059888,15968.094380890943,22179.82365296643
RF_FreeAcc_Magnitude,ortho,RF_FreeAcc_Magnitude_std_jerk,0.034125109807194645,2,9,"1,2,3,4,5,6,7,8,9",434.9555688641519,255.84591197975737,340.1923441824914
RF_Gyr_Magnitude,all,RF_Gyr_Magnitude_avg_stride_time,0.896697214725761,2,24,"1,2,3,4,5,6,7,8,9,10,14,13,12,11,15,16,17,18,19,20,21,22,23,24",0.15652494523812488,0.0006595898673935868,0.00083508009515689
RF_Gyr_Magnitude,all,RF_Gyr_Magnitude_max_stride_time,0.3133017819565334,2,24,"1,2,3,4,5,6,7,8,9,10,14,13,12,11,15,16,17,18,19,20,21,22,23,24",3.2447999999999997,0.27215181159420293,0.2710130434782609
RF_Gyr_Magnitude,all,RF_Gyr_Magnitude_std_stride_time,0.4134344095619881,2,24,"1,2,3,4,5,6,7,8,9,10,14,13,12,11,15,16,17,18,19,20,21,22,23,24",0.09750066785301756,0.00538500878334511,0.005493074688706563
RF_Gyr_Magnitude,all,RF_Gyr_Magnitude_u_turn_time,0.3422259791490562,2,24,"1,2,3,4,5,6,7,8,9,10,14,13,12,11,15,16,17,18,19,20,21,22,23,24",1.3500520833333338,0.10499338768115947,0.0958868659420289
RF_Gyr_Magnitude,all,RF_Gyr_Magnitude_gait_cadence,0.8093182259722581,2,24,"1,2,3,4,5,6,7,8,9,10,14,13,12,11,15,16,17,18,19,20,21,22,23,24",0.43426514302211483,0.003922620746797965,0.004515088524048138
RF_Gyr_Magnitude,all,RF_Gyr_Magnitude_avg_angular_velocity_peak,0.7687865048206879,2,24,"1,2,3,4,5,6,7,8,9,10,14,13,12,11,15,16,17,18,19,20,21,22,23,24",4.632496289873152,0.05736300694429869,0.057303241868601126
RF_Gyr_Magnitude,all,RF_Gyr_Magnitude_max_angular_velocity_peak,0.09644693352021771,2,24,"1,2,3,4,5,6,7,8,9,10,14,13,12,11,15,16,17,18,19,20,21,22,23,24",6.1939422022266335,1.6868945037535734,1.7682454649017996
RF_Gyr_Magnitude,all,RF_Gyr_Magnitude_std_angular_velocity_peak,0.5749889535807204,2,24,"1,2,3,4,5,6,7,8,9,10,14,13,12,11,15,16,17,18,19,20,21,22,23,24",1.4639724599496091,0.05300160951377077,0.03501769860002411
RF_Gyr_Magnitude,all,RF_Gyr_Magnitude_avg_angular_acceleration,0.010350232822958518,2,24,"1,2,3,4,5,6,7,8,9,10,14,13,12,11,15,16,17,18,19,20,21,22,23,24",13.028521121069002,7.9024804879523805,10.694559724960623
RF_Gyr_Magnitude,all,RF_Gyr_Magnitude_max_angular_acceleration,0.12668502094343698,2,24,"1,2,3,4,5,6,7,8,9,10,14,13,12,11,15,16,17,18,19,20,21,22,23,24",6566.26257728656,1294.5090047315387,1573.604020049371
RF_Gyr_Magnitude,all,RF_Gyr_Magnitude_std_angular_acceleration,-0.047675239354212966,2,24,"1,2,3,4,5,6,7,8,9,10,14,13,12,11,15,16,17,18,19,20,21,22,23,24",0.8778199392281265,22.411994157257446,28.89494301121834
RF_Gyr_Magnitude,healthy,RF_Gyr_Magnitude_avg_stride_time,0.9304282968770216,2,10,"1,2,3,4,5,6,7,8,9,10",0.13839812342315364,0.00046760841096789237,0.0015784975436839916
RF_Gyr_Magnitude,healthy,RF_Gyr_Magnitude_max_stride_time,0.5568115714173415,2,10,"1,2,3,4,5,6,7,8,9,10",2.7751250000000005,0.18987166666666663,0.2173027777777778
RF_Gyr_Magnitude,healthy,RF_Gyr_Magnitude_std_stride_time,0.437093676537258,2,10,"1,2,3,4,5,6,7,8,9,10",0.0409867115227687,0.0036197585379777694,0.0055162824859655325
RF_Gyr_Magnitude,healthy,RF_Gyr_Magnitude_u_turn_time,0.528050997023418,2,10,"1,2,3,4,5,6,7,8,9,10",1.8666050000000012,0.10253833333333336,0.19607166666666645
RF_Gyr_Magnitude,healthy,RF_Gyr_Magnitude_gait_cadence,0.938556833215753,2,10,"1,2,3,4,5,6,7,8,9,10",0.3642996636863728,0.0010440379573730578,0.003677628135138478
RF_Gyr_Magnitude,healthy,RF_Gyr_Magnitude_avg_angular_velocity_peak,0.9203865198968555,2,10,"1,2,3,4,5,6,7,8,9,10",5.681124152938553,0.06277639403474503,0.03490328360525371
RF_Gyr_Magnitude,healthy,RF_Gyr_Magnitude_max_angular_velocity_peak,0.836528175661106,2,10,"1,2,3,4,5,6,7,8,9,10",26.04203161785997,0.7433427066281274,0.2641447438836868
RF_Gyr_Magnitude,healthy,RF_Gyr_Magnitude_std_angular_velocity_peak,0.8836957070000889,2,10,"1,2,3,4,5,6,7,8,9,10",2.3986137004830455,0.02853853777111712,0.03371101987700049
RF_Gyr_Magnitude,healthy,RF_Gyr_Magnitude_avg_angular_acceleration,0.8816331076336515,2,10,"1,2,3,4,5,6,7,8,9,10",495.62185398833293,4.843093978631907,8.243850948467529
RF_Gyr_Magnitude,healthy,RF_Gyr_Magnitude_max_angular_acceleration,0.7274160840758842,2,10,"1,2,3,4,5,6,7,8,9,10",14309.176401200879,382.72575213764503,641.6016265951673
RF_Gyr_Magnitude,healthy,RF_Gyr_Magnitude_std_angular_acceleration,0.8364416967129554,2,10,"1,2,3,4,5,6,7,8,9,10",987.6775449005005,8.953192048877833,28.55623731864778
RF_Gyr_Magnitude,neuro,RF_Gyr_Magnitude_avg_stride_time,0.6280316724348102,2,20,"1,2,3,4,5,6,7,8,9,10,13,14,11,12,15,16,17,18,19,20",0.03957014487991608,0.0007899218070444314,0.001466846564847626
RF_Gyr_Magnitude,neuro,RF_Gyr_Magnitude_max_stride_time,-0.035117554068994444,2,20,"1,2,3,4,5,6,7,8,9,10,13,14,11,12,15,16,17,18,19,20",0.1452025000000012,0.4244130263157895,0.4376761842105264
RF_Gyr_Magnitude,neuro,RF_Gyr_Magnitude_std_stride_time,-0.0493997738386944,2,20,"1,2,3,4,5,6,7,8,9,10,13,14,11,12,15,16,17,18,19,20",1.1925662652279054e-05,0.01040260175178015,0.009275040776938514
RF_Gyr_Magnitude,neuro,RF_Gyr_Magnitude_u_turn_time,0.2742896923263524,2,20,"1,2,3,4,5,6,7,8,9,10,13,14,11,12,15,16,17,18,19,20",1.31769,0.12723684210526312,0.1750742105263158
RF_Gyr_Magnitude,neuro,RF_Gyr_Magnitude_gait_cadence,0.46762370496254907,2,20,"1,2,3,4,5,6,7,8,9,10,13,14,11,12,15,16,17,18,19,20",0.11221842131433102,0.005152369575817074,0.006844187408728296
RF_Gyr_Magnitude,neuro,RF_Gyr_Magnitude_avg_angular_velocity_peak,0.26110420096365544,2,20,"1,2,3,4,5,6,7,8,9,10,13,14,11,12,15,16,17,18,19,20",1.1130317946060617,0.2374152906483452,0.06045282962898573
RF_Gyr_Magnitude,neuro,RF_Gyr_Magnitude_max_angular_velocity_peak,0.14034906724850993,2,20,"1,2,3,4,5,6,7,8,9,10,13,14,11,12,15,16,17,18,19,20",8.493346848697678,3.3422104049848365,1.1535082054722405
RF_Gyr_Magnitude,neuro,RF_Gyr_Magnitude_std_angular_velocity_peak,0.3857239124919496,2,20,"1,2,3,4,5,6,7,8,9,10,13,14,11,12,15,16,17,18,19,20",1.1250807794327886,0.11965110198932231,0.051344409328956134
RF_Gyr_Magnitude,neuro,RF_Gyr_Magnitude_avg_angular_acceleration,0.013096719986669728,2,20,"1,2,3,4,5,6,7,8,9,10,13,14,11,12,15,16,17,18,19,20",16.505777901703507,23.625905049860286,11.804039876857853
RF_Gyr_Magnitude,neuro,RF_Gyr_Magnitude_max_angular_acceleration,-0.05106725129315249,2,20,"1,2,3,4,5,6,7,8,9,10,13,14,11,12,15,16,17,18,19,20",187.45010010023202,1664.32638826563,1937.3771174659855
RF_Gyr_Magnitude,neuro,RF_Gyr_Magnitude_std_angular_acceleration,0.004713736920120117,2,20,"1,2,3,4,5,6,7,8,9,10,13,14,11,12,15,16,17,18,19,20",37.436598755770675,64.94288516930166,32.80709940161241
RF_Gyr_Magnitude,ortho,RF_Gyr_Magnitude_avg_stride_time,-0.08527814203037985,2,9,"1,2,3,4,5,6,7,8,9",0.0011497868850648988,0.004068098174826358,0.004004093794783624
RF_Gyr_Magnitude,ortho,RF_Gyr_Magnitude_max_stride_time,0.37978113368548094,2,9,"1,2,3,4,5,6,7,8,9",3.6090888888888895,0.4550750000000001,0.6271138888888885
RF_Gyr_Magnitude,ortho,RF_Gyr_Magnitude_std_stride_time,0.3961788963859312,2,9,"1,2,3,4,5,6,7,8,9",0.09796562760781591,0.01157048183008638,0.01614236914866122
RF_Gyr_Magnitude,ortho,RF_Gyr_Magnitude_u_turn_time,0.38182179601474636,2,9,"1,2,3,4,5,6,7,8,9",6.968888888888894,0.5729597222222219,1.4225263888888877
RF_Gyr_Magnitude,ortho,RF_Gyr_Magnitude_gait_cadence,-0.14473405428404107,2,9,"1,2,3,4,5,6,7,8,9",0.00013357823054614004,0.00746423040797018,0.01016229414233075
RF_Gyr_Magnitude,ortho,RF_Gyr_Magnitude_avg_angular_velocity_peak,0.5362254875248011,2,9,"1,2,3,4,5,6,7,8,9",2.509988092021385,0.09302681351932003,0.32661184687458306
RF_Gyr_Magnitude,ortho,RF_Gyr_Magnitude_max_angular_velocity_peak,0.12516445977600096,2,9,"1,2,3,4,5,6,7,8,9",2.6581874498017917,1.1703597054986619,1.1586896834317948
RF_Gyr_Magnitude,ortho,RF_Gyr_Magnitude_std_angular_velocity_peak,0.5215865247511908,2,9,"1,2,3,4,5,6,7,8,9",0.9489552118846126,0.08209537254372962,0.09247878047127434
RF_Gyr_Magnitude,ortho,RF_Gyr_Magnitude_avg_angular_acceleration,0.11209847863108274,2,9,"1,2,3,4,5,6,7,8,9",39.12625877573873,14.388224966548645,19.738088995850017
RF_Gyr_Magnitude,ortho,RF_Gyr_Magnitude_max_angular_acceleration,-0.027191698417189658,2,9,"1,2,3,4,5,6,7,8,9",180.8681631736701,919.0561940301744,329.6141063864885
RF_Gyr_Magnitude,ortho,RF_Gyr_Magnitude_std_angular_acceleration,0.132041821305466,2,9,"1,2,3,4,5,6,7,8,9",64.50091671630753,28.62541161925776,26.65616602338116
